Players,Team_List,Times_First_Team,Times_Second_Team,Times_Third_Team,First_Season,Last_Season,Positions
Al Jefferson,['Charlotte Bobcats'],0,0,1,2013–14,2013–14,['Center']
Andre Drummond,['Detroit Pistons'],0,0,1,2015–16,2015–16,['Center']
Andrew Bogut,['Milwaukee Bucks'],0,0,1,2009–10,2009–10,['Center']
Anthony Edwards,['Minnesota Timberwolves'],0,1,0,2023–24,2023–24,['Guard']
Antonio McDyess,['Denver Nuggets'],0,0,1,1998–99,1998–99,['Forward']
Baron Davis,['New Orleans Hornets'],0,0,1,2003–04,2003–04,['Guard']
Ben Wallace,['Detroit Pistons'],0,3,2,2001–02,2005–06,"['Center', 'Forward']"
Bill Russell,['Boston Celtics'],3,8,0,1957–58,1967–68,['Center']
Bill Walton,['Portland Trail Blazers'],1,1,0,1976–77,1977–78,['Center']
Billy Cunningham,['Philadelphia 76ers'],3,1,0,1968–69,1971–72,['Forward']
Blake Griffin,"['Los Angeles Clippers', 'Detroit Pistons']",0,3,2,2011–12,2018–19,['Forward']
Bob Pettit,"['Milwaukee Hawks', 'St. Louis Hawks']",9,1,0,1955–56,1964–65,"['Forward', 'Center']"
Brandon Roy,['Portland Trail Blazers'],0,1,1,2008–09,2009–10,['Guard']
Carmelo Anthony,"['Denver Nuggets', 'New York Knicks']",0,2,4,2005–06,2012–13,['Forward']
Chris Bosh,['Toronto Raptors'],0,1,0,2006–07,2006–07,['Forward']
Chris Webber,['Sacramento Kings'],1,3,1,1998–99,2002–03,['Forward']
Dale Ellis,['Seattle SuperSonics'],0,0,1,1988–89,1988–89,['Guard']
David Lee,['Golden State Warriors'],0,0,1,2012–13,2012–13,['Forward']
De'Aaron Fox,['Sacramento Kings'],0,0,1,2022–23,2022–23,['Guard']
DeMar DeRozan,"['Toronto Raptors', 'Chicago Bulls']",0,2,1,2016–17,2021–22,"['Guard', 'Forward']"
Detlef Schrempf,['Seattle SuperSonics'],0,0,1,1994–95,1994–95,['Forward']
Devin Booker,['Phoenix Suns'],1,0,1,2021–22,2023–24,['Guard']
Dirk Nowitzki,['Dallas Mavericks'],4,5,3,2000–01,2011–12,"['Forward', 'Center']"
Domantas Sabonis,['Sacramento Kings'],0,0,2,2022–23,2023–24,['Center']
Earl Monroe,['Baltimore Bullets'],1,0,0,1968–69,1968–69,['Guard']
Elton Brand,['Los Angeles Clippers'],0,1,0,2005–06,2005–06,['Forward']
Gary Payton,['Seattle SuperSonics'],2,5,2,1993–94,2001–02,['Guard']
George Gervin,['San Antonio Spurs'],5,2,0,1976–77,1982–83,['Guard']
George McGinnis,['Philadelphia 76ers'],1,1,0,1975–76,1976–77,['Forward']
George Yardley,"['Fort Wayne Pistons', 'Detroit Pistons']",1,1,0,1956–57,1957–58,['Forward']
Goran Dragić,['Phoenix Suns'],0,0,1,2013–14,2013–14,['Guard']
Grant Hill,['Detroit Pistons'],1,4,0,1995–96,1999–00,['Forward']
Isaiah Thomas,['Boston Celtics'],0,1,0,2016–17,2016–17,['Guard']
Ja Morant,['Memphis Grizzlies'],0,1,0,2021–22,2021–22,['Guard']
James Harden,['Houston Rockets'],6,0,1,2012–13,2019–20,['Guard']
Jason Kidd,"['Phoenix Suns', 'New Jersey Nets']",5,1,0,1998–99,2003–04,['Guard']
Jermaine O'Neal,['Indiana Pacers'],0,1,2,2001–02,2003–04,"['Forward', 'Center']"
Jerry Lucas,['Cincinnati Royals'],3,2,0,1963–64,1967–68,['Forward']
Jerry West,['Los Angeles Lakers'],10,2,0,1961–62,1972–73,['Guard']
Jimmy Butler,"['Miami Heat', 'Chicago Bulls', 'Minnesota Timberwolves']",0,1,4,2016–17,2022–23,['Forward']
Karl-Anthony Towns,['Minnesota Timberwolves'],0,0,2,2017–18,2021–22,['Center']
Kawhi Leonard,"['San Antonio Spurs', 'Los Angeles Clippers', 'Toronto Raptors']",3,3,0,2015–16,2023–24,['Forward']
Kemba Walker,['Charlotte Hornets'],0,0,1,2018–19,2018–19,['Guard']
Klay Thompson,['Golden State Warriors'],0,0,2,2014–15,2015–16,['Guard']
Kobe Bryant,['Los Angeles Lakers'],11,2,2,1998–99,2012–13,['Guard']
Luka Dončić,['Dallas Mavericks'],5,0,0,2019–20,2023–24,['Guard']
Marc Gasol,['Memphis Grizzlies'],1,1,0,2012–13,2014–15,['Center']
Mark Price,['Cleveland Cavaliers'],1,0,3,1988–89,1993–94,['Guard']
Michael Jordan,['Chicago Bulls'],10,1,0,1984–85,1997–98,['Guard']
Moses Malone,"['Houston Rockets', 'Philadelphia 76ers', 'Washington Bullets']",4,4,0,1978–79,1986–87,['Center']
Nate Archibald,"['Cincinnati Royals', 'Boston Celtics', 'Kansas City-Omaha Kings', 'Kansas City Kings']",3,2,0,1971–72,1980–81,['Guard']
Neil Johnston,['Philadelphia Warriors'],4,1,0,1955–56,1963–64,['Center']
Oscar Robertson,"['Cincinnati Royals', 'Milwaukee Bucks']",9,2,0,1960–61,1970–71,['Guard']
Pascal Siakam,['Toronto Raptors'],0,1,1,2019–20,2021–22,['Forward']
Paul Arizin,['Philadelphia Warriors'],3,1,0,1955–56,1960–61,['Forward']
Paul Pierce,['Boston Celtics'],0,1,3,2001–02,2008–09,"['Forward', 'Guard']"
Pete Maravich,"['Atlanta Hawks', 'New Orleans Jazz']",2,2,0,1972–73,1977–78,['Guard']
Rajon Rondo,['Boston Celtics'],0,0,1,2011–12,2011–12,['Guard']
Robert Parish,['Boston Celtics'],0,1,1,1981–82,1988–89,['Center']
Rudy Gobert,['Utah Jazz'],0,1,3,2016–17,2020–21,['Center']
Russell Westbrook,"['Oklahoma City Thunder', 'Houston Rockets']",2,5,2,2010–11,2019–20,['Guard']
Shai Gilgeous-Alexander,['Oklahoma City Thunder'],2,0,0,2022–23,2023–24,['Guard']
Shaquille O'Neal,"['Los Angeles Lakers', 'Miami Heat', 'Orlando Magic', 'Phoenix Suns']",8,2,4,1993–94,2008–09,['Center']
Shawn Marion,['Phoenix Suns'],0,0,2,2004–05,2005–06,['Forward']
Tracy McGrady,"['Orlando Magic', 'Houston Rockets']",2,3,2,2000–01,2007–08,"['Forward', 'Guard']"
Tyrese Haliburton,['Indiana Pacers'],0,0,1,2023–24,2023–24,['Guard']
Vince Carter,['Toronto Raptors'],0,1,1,1999–00,2000–01,['Forward']
Wes Unseld,['Baltimore Bullets'],1,0,0,1968–69,1968–69,['Center']
